CI_PROJECT_ROOT_NAMESPACE,CI_PROJECT_NAME,CI_COMMIT_REF_NAME,CI_JOB_ID,CI_COMMIT_SHA,FilesScanned
observability,signalflow-library,master,791a2ce6b5d3b097e3bfba4df9f5d1398db64425,.gitignore
observability,signalflow-library,master,791a2ce6b5d3b097e3bfba4df9f5d1398db64425,.gitlab-ci.yml
observability,signalflow-library,master,791a2ce6b5d3b097e3bfba4df9f5d1398db64425,.o11y-doctor.yaml
observability,signalflow-library,master,791a2ce6b5d3b097e3bfba4df9f5d1398db64425,.service-manifests/signalflow-library-component.yaml
observability,signalflow-library,master,791a2ce6b5d3b097e3bfba4df9f5d1398db64425,CODEOWNERS
observability,signalflow-library,master,791a2ce6b5d3b097e3bfba4df9f5d1398db64425,Dockerfile
observability,signalflow-library,master,791a2ce6b5d3b097e3bfba4df9f5d1398db64425,README.md
observability,signalflow-library,master,791a2ce6b5d3b097e3bfba4df9f5d1398db64425,examples/api/python/.gitkeep
observability,signalflow-library,master,791a2ce6b5d3b097e3bfba4df9f5d1398db64425,examples/api/python/cassandra_roll.py
observability,signalflow-library,master,791a2ce6b5d3b097e3bfba4df9f5d1398db64425,examples/api/python/goroutine.py
observability,signalflow-library,master,791a2ce6b5d3b097e3bfba4df9f5d1398db64425,examples/signalflow/.gitkeep
observability,signalflow-library,master,791a2ce6b5d3b097e3bfba4df9f5d1398db64425,install.sh
observability,signalflow-library,master,791a2ce6b5d3b097e3bfba4df9f5d1398db64425,library/signalfx/__init__.flow
observability,signalflow-library,master,791a2ce6b5d3b097e3bfba4df9f5d1398db64425,library/signalfx/detectors/README.md
observability,signalflow-library,master,791a2ce6b5d3b097e3bfba4df9f5d1398db64425,library/signalfx/detectors/__init__.flow
observability,signalflow-library,master,791a2ce6b5d3b097e3bfba4df9f5d1398db64425,library/signalfx/detectors/against_periods/README.md
observability,signalflow-library,master,791a2ce6b5d3b097e3bfba4df9f5d1398db64425,library/signalfx/detectors/against_periods/__init__.flow
observability,signalflow-library,master,791a2ce6b5d3b097e3bfba4df9f5d1398db64425,library/signalfx/detectors/against_periods/against_periods.flow
observability,signalflow-library,master,791a2ce6b5d3b097e3bfba4df9f5d1398db64425,library/signalfx/detectors/against_periods/conditions.flow
observability,signalflow-library,master,791a2ce6b5d3b097e3bfba4df9f5d1398db64425,library/signalfx/detectors/against_periods/streams.flow
observability,signalflow-library,master,791a2ce6b5d3b097e3bfba4df9f5d1398db64425,library/signalfx/detectors/against_periods/utils.flow
observability,signalflow-library,master,791a2ce6b5d3b097e3bfba4df9f5d1398db64425,library/signalfx/detectors/against_recent/README.md
observability,signalflow-library,master,791a2ce6b5d3b097e3bfba4df9f5d1398db64425,library/signalfx/detectors/against_recent/__init__.flow
observability,signalflow-library,master,791a2ce6b5d3b097e3bfba4df9f5d1398db64425,library/signalfx/detectors/against_recent/against_recent.flow
observability,signalflow-library,master,791a2ce6b5d3b097e3bfba4df9f5d1398db64425,library/signalfx/detectors/against_recent/conditions.flow
observability,signalflow-library,master,791a2ce6b5d3b097e3bfba4df9f5d1398db64425,library/signalfx/detectors/against_recent/streams.flow
observability,signalflow-library,master,791a2ce6b5d3b097e3bfba4df9f5d1398db64425,library/signalfx/detectors/against_recent/utils.flow
observability,signalflow-library,master,791a2ce6b5d3b097e3bfba4df9f5d1398db64425,library/signalfx/detectors/aperiodic/README.md
observability,signalflow-library,master,791a2ce6b5d3b097e3bfba4df9f5d1398db64425,library/signalfx/detectors/aperiodic/__init__.flow
observability,signalflow-library,master,791a2ce6b5d3b097e3bfba4df9f5d1398db64425,library/signalfx/detectors/aperiodic/aperiodic.flow
observability,signalflow-library,master,791a2ce6b5d3b097e3bfba4df9f5d1398db64425,library/signalfx/detectors/aperiodic/conditions.flow
observability,signalflow-library,master,791a2ce6b5d3b097e3bfba4df9f5d1398db64425,library/signalfx/detectors/aperiodic/streams.flow
observability,signalflow-library,master,791a2ce6b5d3b097e3bfba4df9f5d1398db64425,library/signalfx/detectors/aperiodic/utils.flow
observability,signalflow-library,master,791a2ce6b5d3b097e3bfba4df9f5d1398db64425,library/signalfx/detectors/apm/README.md
observability,signalflow-library,master,791a2ce6b5d3b097e3bfba4df9f5d1398db64425,library/signalfx/detectors/apm/__init__.flow
observability,signalflow-library,master,791a2ce6b5d3b097e3bfba4df9f5d1398db64425,library/signalfx/detectors/apm/errors/README.md
observability,signalflow-library,master,791a2ce6b5d3b097e3bfba4df9f5d1398db64425,library/signalfx/detectors/apm/errors/__init__.flow
observability,signalflow-library,master,791a2ce6b5d3b097e3bfba4df9f5d1398db64425,library/signalfx/detectors/apm/errors/conditions.flow
observability,signalflow-library,master,791a2ce6b5d3b097e3bfba4df9f5d1398db64425,library/signalfx/detectors/apm/errors/errors.flow
observability,signalflow-library,master,791a2ce6b5d3b097e3bfba4df9f5d1398db64425,library/signalfx/detectors/apm/errors/static/README.md
observability,signalflow-library,master,791a2ce6b5d3b097e3bfba4df9f5d1398db64425,library/signalfx/detectors/apm/errors/static/__init__.flow
observability,signalflow-library,master,791a2ce6b5d3b097e3bfba4df9f5d1398db64425,library/signalfx/detectors/apm/errors/static/static.flow
observability,signalflow-library,master,791a2ce6b5d3b097e3bfba4df9f5d1398db64425,library/signalfx/detectors/apm/errors/static_v2/README.md
observability,signalflow-library,master,791a2ce6b5d3b097e3bfba4df9f5d1398db64425,library/signalfx/detectors/apm/errors/static_v2/__init__.flow
observability,signalflow-library,master,791a2ce6b5d3b097e3bfba4df9f5d1398db64425,library/signalfx/detectors/apm/errors/static_v2/static.flow
observability,signalflow-library,master,791a2ce6b5d3b097e3bfba4df9f5d1398db64425,library/signalfx/detectors/apm/errors/streams.flow
observability,signalflow-library,master,791a2ce6b5d3b097e3bfba4df9f5d1398db64425,library/signalfx/detectors/apm/errors/sudden_change/README.md
observability,signalflow-library,master,791a2ce6b5d3b097e3bfba4df9f5d1398db64425,library/signalfx/detectors/apm/errors/sudden_change/__init__.flow
observability,signalflow-library,master,791a2ce6b5d3b097e3bfba4df9f5d1398db64425,library/signalfx/detectors/apm/errors/sudden_change/sudden_change.flow
observability,signalflow-library,master,791a2ce6b5d3b097e3bfba4df9f5d1398db64425,library/signalfx/detectors/apm/errors/sudden_change_v2/README.md
observability,signalflow-library,master,791a2ce6b5d3b097e3bfba4df9f5d1398db64425,library/signalfx/detectors/apm/errors/sudden_change_v2/__init__.flow
observability,signalflow-library,master,791a2ce6b5d3b097e3bfba4df9f5d1398db64425,library/signalfx/detectors/apm/errors/sudden_change_v2/sudden_change.flow
observability,signalflow-library,master,791a2ce6b5d3b097e3bfba4df9f5d1398db64425,library/signalfx/detectors/apm/latency/README.md
observability,signalflow-library,master,791a2ce6b5d3b097e3bfba4df9f5d1398db64425,library/signalfx/detectors/apm/latency/__init__.flow
observability,signalflow-library,master,791a2ce6b5d3b097e3bfba4df9f5d1398db64425,library/signalfx/detectors/apm/latency/conditions.flow
observability,signalflow-library,master,791a2ce6b5d3b097e3bfba4df9f5d1398db64425,library/signalfx/detectors/apm/latency/historical_anomaly/README.md
observability,signalflow-library,master,791a2ce6b5d3b097e3bfba4df9f5d1398db64425,library/signalfx/detectors/apm/latency/historical_anomaly/__init__.flow
observability,signalflow-library,master,791a2ce6b5d3b097e3bfba4df9f5d1398db64425,library/signalfx/detectors/apm/latency/historical_anomaly/historical_anomaly.flow
observability,signalflow-library,master,791a2ce6b5d3b097e3bfba4df9f5d1398db64425,library/signalfx/detectors/apm/latency/historical_anomaly_v2/README.md
observability,signalflow-library,master,791a2ce6b5d3b097e3bfba4df9f5d1398db64425,library/signalfx/detectors/apm/latency/historical_anomaly_v2/__init__.flow
observability,signalflow-library,master,791a2ce6b5d3b097e3bfba4df9f5d1398db64425,library/signalfx/detectors/apm/latency/historical_anomaly_v2/historical_anomaly.flow
observability,signalflow-library,master,791a2ce6b5d3b097e3bfba4df9f5d1398db64425,library/signalfx/detectors/apm/latency/static/README.md
observability,signalflow-library,master,791a2ce6b5d3b097e3bfba4df9f5d1398db64425,library/signalfx/detectors/apm/latency/static/__init__.flow
observability,signalflow-library,master,791a2ce6b5d3b097e3bfba4df9f5d1398db64425,library/signalfx/detectors/apm/latency/static/static.flow
observability,signalflow-library,master,791a2ce6b5d3b097e3bfba4df9f5d1398db64425,library/signalfx/detectors/apm/latency/static_v2/README.md
observability,signalflow-library,master,791a2ce6b5d3b097e3bfba4df9f5d1398db64425,library/signalfx/detectors/apm/latency/static_v2/__init__.flow
observability,signalflow-library,master,791a2ce6b5d3b097e3bfba4df9f5d1398db64425,library/signalfx/detectors/apm/latency/static_v2/static.flow
observability,signalflow-library,master,791a2ce6b5d3b097e3bfba4df9f5d1398db64425,library/signalfx/detectors/apm/latency/streams.flow
observability,signalflow-library,master,791a2ce6b5d3b097e3bfba4df9f5d1398db64425,library/signalfx/detectors/apm/latency/sudden_change/README.md
observability,signalflow-library,master,791a2ce6b5d3b097e3bfba4df9f5d1398db64425,library/signalfx/detectors/apm/latency/sudden_change/__init__.flow
observability,signalflow-library,master,791a2ce6b5d3b097e3bfba4df9f5d1398db64425,library/signalfx/detectors/apm/latency/sudden_change/sudden_change.flow
observability,signalflow-library,master,791a2ce6b5d3b097e3bfba4df9f5d1398db64425,library/signalfx/detectors/apm/latency/sudden_change_v2/README.md
observability,signalflow-library,master,791a2ce6b5d3b097e3bfba4df9f5d1398db64425,library/signalfx/detectors/apm/latency/sudden_change_v2/__init__.flow
observability,signalflow-library,master,791a2ce6b5d3b097e3bfba4df9f5d1398db64425,library/signalfx/detectors/apm/latency/sudden_change_v2/sudden_change.flow
observability,signalflow-library,master,791a2ce6b5d3b097e3bfba4df9f5d1398db64425,library/signalfx/detectors/apm/utils.flow
observability,signalflow-library,master,791a2ce6b5d3b097e3bfba4df9f5d1398db64425,library/signalfx/detectors/apm/workflow_errors/README.md
observability,signalflow-library,master,791a2ce6b5d3b097e3bfba4df9f5d1398db64425,library/signalfx/detectors/apm/workflow_errors/__init__.flow
observability,signalflow-library,master,791a2ce6b5d3b097e3bfba4df9f5d1398db64425,library/signalfx/detectors/apm/workflow_errors/static_v2/__init__.flow
observability,signalflow-library,master,791a2ce6b5d3b097e3bfba4df9f5d1398db64425,library/signalfx/detectors/apm/workflow_errors/static_v2/static.flow
observability,signalflow-library,master,791a2ce6b5d3b097e3bfba4df9f5d1398db64425,library/signalfx/detectors/apm/workflow_errors/sudden_change_v2/__init__.flow
observability,signalflow-library,master,791a2ce6b5d3b097e3bfba4df9f5d1398db64425,library/signalfx/detectors/apm/workflow_errors/sudden_change_v2/sudden_change.flow
observability,signalflow-library,master,791a2ce6b5d3b097e3bfba4df9f5d1398db64425,library/signalfx/detectors/apm/workflow_latency/README.md
observability,signalflow-library,master,791a2ce6b5d3b097e3bfba4df9f5d1398db64425,library/signalfx/detectors/apm/workflow_latency/__init__.flow
observability,signalflow-library,master,791a2ce6b5d3b097e3bfba4df9f5d1398db64425,library/signalfx/detectors/apm/workflow_latency/historical_anomaly_v2/__init__.flow
observability,signalflow-library,master,791a2ce6b5d3b097e3bfba4df9f5d1398db64425,library/signalfx/detectors/apm/workflow_latency/historical_anomaly_v2/historical_anomaly.flow
observability,signalflow-library,master,791a2ce6b5d3b097e3bfba4df9f5d1398db64425,library/signalfx/detectors/apm/workflow_latency/static_v2/__init__.flow
observability,signalflow-library,master,791a2ce6b5d3b097e3bfba4df9f5d1398db64425,library/signalfx/detectors/apm/workflow_latency/static_v2/static.flow
observability,signalflow-library,master,791a2ce6b5d3b097e3bfba4df9f5d1398db64425,library/signalfx/detectors/apm/workflow_latency/sudden_change_v2/__init__.flow
observability,signalflow-library,master,791a2ce6b5d3b097e3bfba4df9f5d1398db64425,library/signalfx/detectors/apm/workflow_latency/sudden_change_v2/sudden_change.flow
observability,signalflow-library,master,791a2ce6b5d3b097e3bfba4df9f5d1398db64425,library/signalfx/detectors/apm/workflow_requests/README.md
observability,signalflow-library,master,791a2ce6b5d3b097e3bfba4df9f5d1398db64425,library/signalfx/detectors/apm/workflow_requests/__init__.flow
observability,signalflow-library,master,791a2ce6b5d3b097e3bfba4df9f5d1398db64425,library/signalfx/detectors/apm/workflow_requests/historical_anomaly_v2/__init__.flow
observability,signalflow-library,master,791a2ce6b5d3b097e3bfba4df9f5d1398db64425,library/signalfx/detectors/apm/workflow_requests/historical_anomaly_v2/historical_anomaly.flow
observability,signalflow-library,master,791a2ce6b5d3b097e3bfba4df9f5d1398db64425,library/signalfx/detectors/apm/workflow_requests/static_v2/__init__.flow
observability,signalflow-library,master,791a2ce6b5d3b097e3bfba4df9f5d1398db64425,library/signalfx/detectors/apm/workflow_requests/static_v2/static.flow
observability,signalflow-library,master,791a2ce6b5d3b097e3bfba4df9f5d1398db64425,library/signalfx/detectors/apm/workflow_requests/sudden_change_v2/__init__.flow
observability,signalflow-library,master,791a2ce6b5d3b097e3bfba4df9f5d1398db64425,library/signalfx/detectors/apm/workflow_requests/sudden_change_v2/sudden_change.flow
observability,signalflow-library,master,791a2ce6b5d3b097e3bfba4df9f5d1398db64425,library/signalfx/detectors/autodetect/__init__.flow
observability,signalflow-library,master,791a2ce6b5d3b097e3bfba4df9f5d1398db64425,library/signalfx/detectors/autodetect/apm/__init__.flow
observability,signalflow-library,master,791a2ce6b5d3b097e3bfba4df9f5d1398db64425,library/signalfx/detectors/autodetect/apm/errors.flow
observability,signalflow-library,master,791a2ce6b5d3b097e3bfba4df9f5d1398db64425,library/signalfx/detectors/autodetect/apm/latency.flow
observability,signalflow-library,master,791a2ce6b5d3b097e3bfba4df9f5d1398db64425,library/signalfx/detectors/autodetect/apm/operational.flow
observability,signalflow-library,master,791a2ce6b5d3b097e3bfba4df9f5d1398db64425,library/signalfx/detectors/autodetect/apm/requests.flow
observability,signalflow-library,master,791a2ce6b5d3b097e3bfba4df9f5d1398db64425,library/signalfx/detectors/autodetect/infra/README.md
observability,signalflow-library,master,791a2ce6b5d3b097e3bfba4df9f5d1398db64425,library/signalfx/detectors/autodetect/infra/__init__.flow
observability,signalflow-library,master,791a2ce6b5d3b097e3bfba4df9f5d1398db64425,library/signalfx/detectors/autodetect/infra/aws/__init__.flow
observability,signalflow-library,master,791a2ce6b5d3b097e3bfba4df9f5d1398db64425,library/signalfx/detectors/autodetect/infra/aws/alb.flow
observability,signalflow-library,master,791a2ce6b5d3b097e3bfba4df9f5d1398db64425,library/signalfx/detectors/autodetect/infra/aws/ec2.flow
observability,signalflow-library,master,791a2ce6b5d3b097e3bfba4df9f5d1398db64425,library/signalfx/detectors/autodetect/infra/aws/kinesis_analytics.flow
observability,signalflow-library,master,791a2ce6b5d3b097e3bfba4df9f5d1398db64425,library/signalfx/detectors/autodetect/infra/aws/rds.flow
observability,signalflow-library,master,791a2ce6b5d3b097e3bfba4df9f5d1398db64425,library/signalfx/detectors/autodetect/infra/aws/route53.flow
observability,signalflow-library,master,791a2ce6b5d3b097e3bfba4df9f5d1398db64425,library/signalfx/detectors/autodetect/infra/aws/utils.flow
observability,signalflow-library,master,791a2ce6b5d3b097e3bfba4df9f5d1398db64425,library/signalfx/detectors/autodetect/infra/azure/__init__.flow
observability,signalflow-library,master,791a2ce6b5d3b097e3bfba4df9f5d1398db64425,library/signalfx/detectors/autodetect/infra/azure/azure_batch.flow
observability,signalflow-library,master,791a2ce6b5d3b097e3bfba4df9f5d1398db64425,library/signalfx/detectors/autodetect/infra/azure/elasticpools.flow
observability,signalflow-library,master,791a2ce6b5d3b097e3bfba4df9f5d1398db64425,library/signalfx/detectors/autodetect/infra/azure/eventhubs.flow
observability,signalflow-library,master,791a2ce6b5d3b097e3bfba4df9f5d1398db64425,library/signalfx/detectors/autodetect/infra/azure/utils.flow
observability,signalflow-library,master,791a2ce6b5d3b097e3bfba4df9f5d1398db64425,library/signalfx/detectors/autodetect/infra/db/__init__.flow
observability,signalflow-library,master,791a2ce6b5d3b097e3bfba4df9f5d1398db64425,library/signalfx/detectors/autodetect/infra/db/oracle.flow
observability,signalflow-library,master,791a2ce6b5d3b097e3bfba4df9f5d1398db64425,library/signalfx/detectors/autodetect/infra/db/redis.flow
observability,signalflow-library,master,791a2ce6b5d3b097e3bfba4df9f5d1398db64425,library/signalfx/detectors/autodetect/infra/db/utils.flow
observability,signalflow-library,master,791a2ce6b5d3b097e3bfba4df9f5d1398db64425,library/signalfx/detectors/autodetect/infra/dc_host/__init__.flow
observability,signalflow-library,master,791a2ce6b5d3b097e3bfba4df9f5d1398db64425,library/signalfx/detectors/autodetect/infra/dc_host/host.flow
observability,signalflow-library,master,791a2ce6b5d3b097e3bfba4df9f5d1398db64425,library/signalfx/detectors/autodetect/infra/dc_host/utils.flow
observability,signalflow-library,master,791a2ce6b5d3b097e3bfba4df9f5d1398db64425,library/signalfx/detectors/autodetect/infra/k8s/__init__.flow
observability,signalflow-library,master,791a2ce6b5d3b097e3bfba4df9f5d1398db64425,library/signalfx/detectors/autodetect/infra/k8s/containers.flow
observability,signalflow-library,master,791a2ce6b5d3b097e3bfba4df9f5d1398db64425,library/signalfx/detectors/autodetect/infra/k8s/daemonsets.flow
observability,signalflow-library,master,791a2ce6b5d3b097e3bfba4df9f5d1398db64425,library/signalfx/detectors/autodetect/infra/k8s/deployments.flow
observability,signalflow-library,master,791a2ce6b5d3b097e3bfba4df9f5d1398db64425,library/signalfx/detectors/autodetect/infra/k8s/nodes.flow
observability,signalflow-library,master,791a2ce6b5d3b097e3bfba4df9f5d1398db64425,library/signalfx/detectors/autodetect/infra/k8s/utils.flow
observability,signalflow-library,master,791a2ce6b5d3b097e3bfba4df9f5d1398db64425,library/signalfx/detectors/autodetect/infra/kafka/__init__.flow
observability,signalflow-library,master,791a2ce6b5d3b097e3bfba4df9f5d1398db64425,library/signalfx/detectors/autodetect/infra/kafka/broker.flow
observability,signalflow-library,master,791a2ce6b5d3b097e3bfba4df9f5d1398db64425,library/signalfx/detectors/autodetect/infra/kafka/consumer.flow
observability,signalflow-library,master,791a2ce6b5d3b097e3bfba4df9f5d1398db64425,library/signalfx/detectors/autodetect/infra/kafka/utils.flow
observability,signalflow-library,master,791a2ce6b5d3b097e3bfba4df9f5d1398db64425,library/signalfx/detectors/autodetect/slx/__init__.flow
observability,signalflow-library,master,791a2ce6b5d3b097e3bfba4df9f5d1398db64425,library/signalfx/detectors/autodetect/slx/apm.flow
observability,signalflow-library,master,791a2ce6b5d3b097e3bfba4df9f5d1398db64425,library/signalfx/detectors/autodetect/splunk/__init__.flow
observability,signalflow-library,master,791a2ce6b5d3b097e3bfba4df9f5d1398db64425,library/signalfx/detectors/autodetect/splunk/operational.flow
observability,signalflow-library,master,791a2ce6b5d3b097e3bfba4df9f5d1398db64425,library/signalfx/detectors/autodetect/splunk/utils.flow
observability,signalflow-library,master,791a2ce6b5d3b097e3bfba4df9f5d1398db64425,library/signalfx/detectors/autodetect/utils.flow
observability,signalflow-library,master,791a2ce6b5d3b097e3bfba4df9f5d1398db64425,library/signalfx/detectors/countdown/README.md
observability,signalflow-library,master,791a2ce6b5d3b097e3bfba4df9f5d1398db64425,library/signalfx/detectors/countdown/__init__.flow
observability,signalflow-library,master,791a2ce6b5d3b097e3bfba4df9f5d1398db64425,library/signalfx/detectors/countdown/conditions.flow
observability,signalflow-library,master,791a2ce6b5d3b097e3bfba4df9f5d1398db64425,library/signalfx/detectors/countdown/countdown.flow
observability,signalflow-library,master,791a2ce6b5d3b097e3bfba4df9f5d1398db64425,library/signalfx/detectors/countdown/streams.flow
observability,signalflow-library,master,791a2ce6b5d3b097e3bfba4df9f5d1398db64425,library/signalfx/detectors/multivariate/README.md
observability,signalflow-library,master,791a2ce6b5d3b097e3bfba4df9f5d1398db64425,library/signalfx/detectors/multivariate/__init__.flow
observability,signalflow-library,master,791a2ce6b5d3b097e3bfba4df9f5d1398db64425,library/signalfx/detectors/multivariate/correlation.flow
observability,signalflow-library,master,791a2ce6b5d3b097e3bfba4df9f5d1398db64425,library/signalfx/detectors/multivariate/cosine.flow
observability,signalflow-library,master,791a2ce6b5d3b097e3bfba4df9f5d1398db64425,library/signalfx/detectors/not_reporting/README.md
observability,signalflow-library,master,791a2ce6b5d3b097e3bfba4df9f5d1398db64425,library/signalfx/detectors/not_reporting/__init__.flow
observability,signalflow-library,master,791a2ce6b5d3b097e3bfba4df9f5d1398db64425,library/signalfx/detectors/not_reporting/conditions.flow
observability,signalflow-library,master,791a2ce6b5d3b097e3bfba4df9f5d1398db64425,library/signalfx/detectors/not_reporting/not_reporting.flow
observability,signalflow-library,master,791a2ce6b5d3b097e3bfba4df9f5d1398db64425,library/signalfx/detectors/population_comparison/README.md
observability,signalflow-library,master,791a2ce6b5d3b097e3bfba4df9f5d1398db64425,library/signalfx/detectors/population_comparison/__init__.flow
observability,signalflow-library,master,791a2ce6b5d3b097e3bfba4df9f5d1398db64425,library/signalfx/detectors/population_comparison/conditions.flow
observability,signalflow-library,master,791a2ce6b5d3b097e3bfba4df9f5d1398db64425,library/signalfx/detectors/population_comparison/population.flow
observability,signalflow-library,master,791a2ce6b5d3b097e3bfba4df9f5d1398db64425,library/signalfx/detectors/population_comparison/streams.flow
observability,signalflow-library,master,791a2ce6b5d3b097e3bfba4df9f5d1398db64425,library/signalfx/detectors/population_comparison/utils.flow
observability,signalflow-library,master,791a2ce6b5d3b097e3bfba4df9f5d1398db64425,library/signalfx/detectors/rum/__init__.flow
observability,signalflow-library,master,791a2ce6b5d3b097e3bfba4df9f5d1398db64425,library/signalfx/detectors/rum/counts/__init__.flow
observability,signalflow-library,master,791a2ce6b5d3b097e3bfba4df9f5d1398db64425,library/signalfx/detectors/rum/counts/static_v2/__init__.flow
observability,signalflow-library,master,791a2ce6b5d3b097e3bfba4df9f5d1398db64425,library/signalfx/detectors/rum/counts/static_v2/static.flow
observability,signalflow-library,master,791a2ce6b5d3b097e3bfba4df9f5d1398db64425,library/signalfx/detectors/rum/errors/__init__.flow
observability,signalflow-library,master,791a2ce6b5d3b097e3bfba4df9f5d1398db64425,library/signalfx/detectors/rum/errors/static_v2/__init__.flow
observability,signalflow-library,master,791a2ce6b5d3b097e3bfba4df9f5d1398db64425,library/signalfx/detectors/rum/errors/static_v2/static.flow
observability,signalflow-library,master,791a2ce6b5d3b097e3bfba4df9f5d1398db64425,library/signalfx/detectors/rum/score/__init__.flow
observability,signalflow-library,master,791a2ce6b5d3b097e3bfba4df9f5d1398db64425,library/signalfx/detectors/rum/score/static_v2/__init__.flow
observability,signalflow-library,master,791a2ce6b5d3b097e3bfba4df9f5d1398db64425,library/signalfx/detectors/rum/score/static_v2/static.flow
observability,signalflow-library,master,791a2ce6b5d3b097e3bfba4df9f5d1398db64425,library/signalfx/detectors/rum/time/__init__.flow
observability,signalflow-library,master,791a2ce6b5d3b097e3bfba4df9f5d1398db64425,library/signalfx/detectors/rum/time/static_v2/__init__.flow
observability,signalflow-library,master,791a2ce6b5d3b097e3bfba4df9f5d1398db64425,library/signalfx/detectors/rum/time/static_v2/static.flow
observability,signalflow-library,master,791a2ce6b5d3b097e3bfba4df9f5d1398db64425,library/signalfx/detectors/rum/utils.flow
observability,signalflow-library,master,791a2ce6b5d3b097e3bfba4df9f5d1398db64425,library/signalfx/detectors/slx/__init__.flow
observability,signalflow-library,master,791a2ce6b5d3b097e3bfba4df9f5d1398db64425,library/signalfx/detectors/slx/alerting.flow
observability,signalflow-library,master,791a2ce6b5d3b097e3bfba4df9f5d1398db64425,library/signalfx/detectors/slx/streams.flow
observability,signalflow-library,master,791a2ce6b5d3b097e3bfba4df9f5d1398db64425,library/signalfx/detectors/slx/utils.flow
observability,signalflow-library,master,791a2ce6b5d3b097e3bfba4df9f5d1398db64425,library/signalfx/detectors/synthetics/__init__.flow
observability,signalflow-library,master,791a2ce6b5d3b097e3bfba4df9f5d1398db64425,library/signalfx/detectors/synthetics/static.flow
observability,signalflow-library,master,791a2ce6b5d3b097e3bfba4df9f5d1398db64425,library/signalfx/detectors/synthetics/utils.flow
observability,signalflow-library,master,791a2ce6b5d3b097e3bfba4df9f5d1398db64425,library/signalfx/docs/flow.md
observability,signalflow-library,master,791a2ce6b5d3b097e3bfba4df9f5d1398db64425,library/signalfx/stats/__init__.flow
observability,signalflow-library,master,791a2ce6b5d3b097e3bfba4df9f5d1398db64425,library/signalfx/stats/linear_model/README.md
observability,signalflow-library,master,791a2ce6b5d3b097e3bfba4df9f5d1398db64425,library/signalfx/stats/linear_model/__init__.flow
observability,signalflow-library,master,791a2ce6b5d3b097e3bfba4df9f5d1398db64425,library/signalfx/stats/linear_model/regression.flow
observability,signalflow-library,master,791a2ce6b5d3b097e3bfba4df9f5d1398db64425,library/signalfx/stats/linear_model/utils.flow
observability,signalflow-library,master,791a2ce6b5d3b097e3bfba4df9f5d1398db64425,library/signalfx/stats/partitioned/__init__.flow
observability,signalflow-library,master,791a2ce6b5d3b097e3bfba4df9f5d1398db64425,library/signalfx/stats/partitioned/partitioned.flow
observability,signalflow-library,master,791a2ce6b5d3b097e3bfba4df9f5d1398db64425,library/signalfx/stats/quantiles/README.md
observability,signalflow-library,master,791a2ce6b5d3b097e3bfba4df9f5d1398db64425,library/signalfx/stats/quantiles/__init__.flow
observability,signalflow-library,master,791a2ce6b5d3b097e3bfba4df9f5d1398db64425,library/signalfx/stats/quantiles/histogram.flow
observability,signalflow-library,master,791a2ce6b5d3b097e3bfba4df9f5d1398db64425,mkrelease
observability,signalflow-library,master,791a2ce6b5d3b097e3bfba4df9f5d1398db64425,renovate.json
observability,signalflow-library,master,791a2ce6b5d3b097e3bfba4df9f5d1398db64425,sfpkg.info.tmpl
